{
    "NodeHandle": 0,
    "NodeTypeHY": 0,
    "NodeTypeMT": 0,
    "NodeStatusFMT": -1,
    "NodeStatusCH": 1,
    "IterDone": 51,
    "TK": 298.15,
    "P": 100000,
    "Vs": 0.00100278647586339,
    "Vi": 0,
    "Ms": 0.999866350793883,
    "Mi": 0,
    "Hs": 0,
    "Hi": 0,
    "Gs": -5310.15833081285,
    "IS": 0.000822249503921589,
    "pH": 10.6842053643749,
    "pe": -8.73881686868001,
    "Eh": -0.515942843510685,
    "Tm": 0,
    "dt": 0,
    "bIC": [
        0.00033, 0.00033, 2e-07, 111, 1e-07, 55.5, 0
    ],
    "rMB": [
        -6.7762635780344e-21, 4.74338450462408e-20, 0, 5.96855898038484e-13, -9.92616735063633e-24, 5.1296274628139e-13, 1.19803469710547e-19
    ],
    "uIC": [
        -4.24451537988449, -191.102613528546, -88.5406652451849, -4.47942255758274, -159.296369072823, -86.7185212352417, -20.1218694940773
    ],
    "bSP": [
        5.4533271008966e-05, 5.4533271008966e-05, 0, 0, 0, 0.000163599813026898, 0
    ],
    "xDC": [
        5.54436809532622e-06, 1.92355274106706e-08, 0.000267952710019644, 1.95041534865328e-06, 1.00634681330171e-09, 5.6247221946582e-12, 8.53854090808396e-08, 1.3602619383664e-08, 2.88619226007934e-10, 1.60168081009164e-05, 
        6.41020051355651e-06, 0.000247474816163063, 0, 2e-07, 1.00735557433808e-07, 0, 0.000499415654634835, 2.13726054969186e-11, 55.499251045064, 0, 
        0, 5.4533271008966e-05, 0, 0, 0
    ],
    "gam": [
        0.999999999822674, 0.967990502776679, 0.877979520133576, 0.967990502776679, 0.999999999822674, 0.967990502776679, 0.877979520133576, 0.967990502776679, 0.999999999822674, 0.877979520133576, 
        0.967990502776679, 0.999999999822674, 0.967990502776679, 0.967990502776679, 0.999999999822674, 0.999999999822674, 0.967990502776679, 0.967990502776679, 0.999999999645347, 1, 
        1, 1, 1, 1, 1
    ],
    "dll": [
        0, 0, 0, 0, 0, 0, 0, 0, 0, 0, 
        0, 0, 0, 0, 0, 0, 0, 0, 0, 0, 
        0, 0, 0, 0, 0
    ],
    "dul": [
        1000000, 1000000, 1000000, 1000000, 1000000, 1000000, 1000000, 1000000, 1000000, 1000000, 
        1000000, 1000000, 1000000, 1000000, 1000000, 1000000, 1000000, 1000000, 1000000, 1000000, 
        1000000, 1000000, 1000000, 1000000, 1000000
    ],
    "aPH": [
        0, 0, 0, 0, 0, 0, 0
    ],
    "xPH": [
        55.500296230318, 0, 0, 5.4533271008966e-05, 0, 0, 0
    ],
    "vPS": [
        0.00100278446173161
    ],
    "mPS": [
        0.999860892722385
    ],
    "xPA": [
        55.499251045064
    ],
    "amru": [
        1000000
    ],
    "amrl": [
        0
    ],
    "omPH": [
        1.72005537301268e-09, -1.84336960400822, -0.144188969248962, -0.00035681211918629, -3.91733463546016, -5.05935503657008, -2.59603004755375
    ],
    "bPS": [
        0.000275466728991034, 0.000275466728991034, 2e-07, 110.999999999999, 1e-07, 55.4998364001865, -1.19803469710547e-19
    ]
}
