{
    "nIC": 7,
    "nDC": 25,
    "nPH": 7,
    "nPS": 1,
    "nDCs": 19,
    "nICb": 7,
    "nDCb": 25,
    "nPHb": 7,
    "nPSb": 1,
    "nTp": 1,
    "nPp": 1,
    "iGrd": 0,
    "fAalp": 1,
    "mLook": 0,
    "xic": [
        0, 1, 2, 3, 4, 5, 6
    ],
    "xdc": [
        0, 1, 2, 3, 4, 5, 6, 7, 8, 9, 
        10, 11, 12, 13, 14, 15, 16, 17, 18, 19, 
        20, 21, 22, 23, 24
    ],
    "xph": [
        0, 1, 2, 3, 4, 5, 6
    ],
    "ICNL": [
        "C", "Ca", "Cl", "H", "Mg", "O", "Zz"
    ],
    "ccIC": [
        "e", "e", "e", "h", "e", "o", "z"
    ],
    "ICmm": [
        0.0120108003616333, 0.0400779991149902, 0.0354529991149902, 0.00100794994831085, 0.0243050003051758, 0.015999400138855, 0
    ],
    "DCNL": [
        "Ca(CO3)@", "Ca(HCO3)+", "Ca+2", "CaOH+", "Mg(CO3)@", "Mg(HCO3)+", "Mg+2", "MgOH+", "CO2@", "CO3-2", 
        "HCO3-", "CH4@", "ClO4-", "Cl-", "H2@", "O2@", "OH-", "H+", "H2O@", "Gr", 
        "Arg", "Cal", "Dis-Dol", "Portlandite", "Brc"
    ],
    "ccDC": [
        "S", "S", "S", "S", "S", "S", "S", "S", "S", "S", 
        "S", "S", "S", "S", "S", "S", "S", "T", "W", "O", 
        "O", "O", "O", "O", "O"
    ],
    "DCmm": [
        0.100086999893188, 0.101094949841499, 0.0400779991149902, 0.0570853492021561, 0.084314001083374, 0.0853219510316849, 0.0243050003051758, 0.0413123503923416, 0.0440096006393433, 0.0600090007781982, 
        0.0610169507265091, 0.0160426001548767, 0.0994505996704102, 0.0354529991149902, 0.0020158998966217, 0.03199880027771, 0.0170073500871658, 0.00100794994831085, 0.0180153000354767, 0.0120108003616333, 
        0.100086999893188, 0.100086999893188, 0.184401000976563, 0.0740926992893219, 0.0583197004795074
    ],
    "PHNL": [
        "LIQ", "Graphite", "Aragonite", "Calcite", "Dolomite-dis", "Portlandite", "Brucite"
    ],
    "ccPH": [
        "a", "s", "s", "s", "s", "s", "s"
    ],
    "nDCinPH": [
        19, 1, 1, 1, 1, 1, 1
    ],
    "A": [
        1, 1, 0, 0, 0, 3, 0, 
        1, 1, 0, 1, 0, 3, 1, 
        0, 1, 0, 0, 0, 0, 2, 
        0, 1, 0, 1, 0, 1, 1, 
        1, 0, 0, 0, 1, 3, 0, 
        1, 0, 0, 1, 1, 3, 1, 
        0, 0, 0, 0, 1, 0, 2, 
        0, 0, 0, 1, 1, 1, 1, 
        1, 0, 0, 0, 0, 2, 0, 
        1, 0, 0, 0, 0, 3, -2, 
        1, 0, 0, 1, 0, 3, -1, 
        1, 0, 0, 4, 0, 0, 0, 
        0, 0, 1, 0, 0, 4, -1, 
        0, 0, 1, 0, 0, 0, -1, 
        0, 0, 0, 2, 0, 0, 0, 
        0, 0, 0, 0, 0, 2, 0, 
        0, 0, 0, 1, 0, 1, -1, 
        0, 0, 0, 1, 0, 0, 1, 
        0, 0, 0, 2, 0, 1, 0, 
        1, 0, 0, 0, 0, 0, 0, 
        1, 1, 0, 0, 0, 3, 0, 
        1, 1, 0, 0, 0, 3, 0, 
        2, 1, 0, 0, 1, 6, 0, 
        0, 1, 0, 2, 0, 2, 0, 
        0, 0, 0, 2, 1, 2, 0
    ],
    "Ttol": 1,
    "TKval": [
        298.15
    ],
    "Psat": [
        3168.73733474928
    ],
    "Ptol": 50000,
    "Pval": [
        100000
    ],
    "denW": [
        997.061364306806, 
        -0.258664181926326, 
        -0.00946964566455451, 
        0.0450858902635513, 
        0
    ],
    "denWg": [
        0.767104546309221, 
        -0.000198927565358905, 
        -7.2907120941392e-06, 
        3.46967666641296e-05, 
        0
    ],
    "epsW": [
        78.2451456494947, 
        -0.355010888389707, 
        0.00135076186526458, 
        0.00406162824446391, 
        0
    ],
    "epsWg": [
        78.2412122232907, 
        -0.354991247006993, 
        0.00135015609606633, 
        0.00406266612359816, 
        0
    ],
    "V0": [
        -1.56484448542469e-05, 
        1.33298113314306e-05, 
        -1.84387418380032e-05, 
        5.76247702546724e-06, 
        -1.67761919999588e-05, 
        9.34260874714838e-06, 
        -2.20137394654766e-05, 
        1.64145699447667e-06, 
        3.28066811910071e-05, 
        -6.05772456155286e-06, 
        2.42108973469128e-05, 
        3.73979881034461e-05, 
        4.39042028119785e-05, 
        1.7340894051121e-05, 
        2.52643576113462e-05, 
        3.05008890803217e-05, 
        -4.70784300722727e-06, 
        0, 
        1.80683971876268e-05, 
        5.29799997806549e-06, 
        3.41500020027161e-05, 
        3.69339990615845e-05, 
        6.43900012969971e-05, 
        3.30599999427795e-05, 
        2.46299982070923e-05
    ],
    "G0": [
        -1099175.99998, 
        -1146041.000162, 
        -552790.00065055, 
        -717024.00023652, 
        -998974.99998001, 
        -1047022.0003151, 
        -453985.00080869, 
        -625868.00044448, 
        -386014.99998948, 
        -527982.00178414, 
        -586940.00066986, 
        -34353.99983276, 
        -8535.3605102429, 
        -131290.00076597, 
        17729.00010995, 
        16446.000207432, 
        -157270.00090727, 
        0, 
        -237181.38483664, 
        0, 
        -1128355, 
        -1129176, 
        -2157149, 
        -897013, 
        -832227
    ],
    "H0": [
        -1201918.0000196, 
        -1231941.99984109, 
        -543068.999361922, 
        -751648.999768019, 
        -1132116.0000196, 
        -1153964.99969092, 
        -465928.999206785, 
        -690017.999564013, 
        -413838.000010316, 
        -675310.998250372, 
        -690010.003610558, 
        -87806.0001639667, 
        -129326.999499684, 
        -167110.999248881, 
        -4018.0001077982, 
        -12237.0002033724, 
        -230008.999110271, 
        0, 
        -285837.304300005, 
        0, 
        -1207320, 
        -1207405, 
        -2316512, 
        -984675, 
        -923272
    ],
    "S0": [
        10.4599999053594, 
        66.9440013205999, 
        -56.4839968375911, 
        28.0328022458164, 
        -100.419998301733, 
        -12.551997952199, 
        -138.072000852775, 
        -79.9143952402435, 
        117.570396353452, 
        -49.9989886969926, 
        98.4500013980264, 
        87.8219974853185, 
        182.004001192165, 
        56.7350438456651, 
        57.7389976827543, 
        108.95139937899, 
        -10.7110335159728, 
        0, 
        69.9241798936079, 
        5.74044799804688, 
        90.2070388793945, 
        92.6755981445313, 
        166.690567016602, 
        83.3999862670898, 
        63.1365623474121
    ],
    "Cp0": [
        -123.862512055543, 
        233.699916586452, 
        -30.9225151436005, 
        6.0492054096841, 
        -116.500367919099, 
        254.415524995013, 
        -21.6620906207144, 
        129.228480647997, 
        243.081932768689, 
        -289.332992570036, 
        -34.8488369866287, 
        277.26418589415, 
        -24.0031594588083, 
        -122.490362898508, 
        166.852112064561, 
        234.132884195525, 
        -136.338084391294, 
        0, 
        75.3605258478432, 
        8.68183434854143, 
        81.2773225068211, 
        81.8710955177311, 
        157.719794178672, 
        87.5053369412958, 
        77.2780480546113
    ],
    "A0": [
        0, 
        0, 
        0, 
        0, 
        0, 
        0, 
        0, 
        0, 
        0, 
        0, 
        0, 
        0, 
        0, 
        0, 
        0, 
        0, 
        0, 
        0, 
        0, 
        0, 
        0, 
        0, 
        0, 
        0, 
        0
    ],
    "U0": [
        0, 
        0, 
        0, 
        0, 
        0, 
        0, 
        0, 
        0, 
        0, 
        0, 
        0, 
        0, 
        0, 
        0, 
        0, 
        0, 
        0, 
        0, 
        0, 
        0, 
        0, 
        0, 
        0, 
        0, 
        0
    ]
}
